email;name;address
test@test.it1;test1;Test address 1
test@test.it2;test2;Test address 2
test@test.it3;test3;Test address 3
test@test.it4;test4;Test address 4
test@test.it5;test5;Test address 5
test@test.it6;test6;Test address 6
test@test.it7;test7;Test address 7
test@test.it8;test8;Test address 8
test@test.it9;test9;Test address 9
test@test.it10;test10;Test address 10
test@test.it11;test11;Test address 11
test@test.it12;test12;Test address 12
test@test.it13;test13;Test address 13
test@test.it14;test14;Test address 14
test@test.it15;test15;Test address 15
test@test.it16;test16;Test address 16
test@test.it17;test17;Test address 17
test@test.it18;test18;Test address 18
test@test.it19;test19;Test address 19
test@test.it20;test20;Test address 20
test@test.it21;test21;Test address 21
test@test.it22;test22;Test address 22
test@test.it23;test23;Test address 23
test@test.it24;test24;Test address 24
test@test.it25;test25;Test address 25
test@test.it26;test26;Test address 26
test@test.it27;test27;Test address 27
test@test.it28;test28;Test address 28
test@test.it29;test29;Test address 29
test@test.it30;test30;Test address 30
test@test.it31;test31;Test address 31
test@test.it32;test32;Test address 32
test@test.it33;test33;Test address 33
test@test.it34;test34;Test address 34
test@test.it35;test35;Test address 35
test@test.it36;test36;Test address 36
test@test.it37;test37;Test address 37
test@test.it38;test38;Test address 38
test@test.it39;test39;Test address 39
test@test.it40;test40;Test address 40
test@test.it41;test41;Test address 41
test@test.it42;test42;Test address 42
test@test.it43;test43;Test address 43
test@test.it44;test44;Test address 44
test@test.it45;test45;Test address 45
test@test.it46;test46;Test address 46
test@test.it47;test47;Test address 47
test@test.it48;test48;Test address 48
test@test.it49;test49;Test address 49
test@test.it50;test50;Test address 50
test@test.it51;test51;Test address 51
test@test.it52;test52;Test address 52
test@test.it53;test53;Test address 53
test@test.it54;test54;Test address 54
test@test.it55;test55;Test address 55
test@test.it56;test56;Test address 56
test@test.it57;test57;Test address 57
test@test.it58;test58;Test address 58
test@test.it59;test59;Test address 59
test@test.it60;test60;Test address 60
test@test.it61;test61;Test address 61
test@test.it62;test62;Test address 62
test@test.it63;test63;Test address 63
test@test.it64;test64;Test address 64
test@test.it65;test65;Test address 65
test@test.it66;test66;Test address 66
test@test.it67;test67;Test address 67
test@test.it68;test68;Test address 68
test@test.it69;test69;Test address 69
test@test.it70;test70;Test address 70
test@test.it71;test71;Test address 71
test@test.it72;test72;Test address 72
test@test.it73;test73;Test address 73
test@test.it74;test74;Test address 74
test@test.it75;test75;Test address 75
test@test.it76;test76;Test address 76
test@test.it77;test77;Test address 77
test@test.it78;test78;Test address 78
test@test.it79;test79;Test address 79
test@test.it80;test80;Test address 80
test@test.it81;test81;Test address 81
test@test.it82;test82;Test address 82
test@test.it83;test83;Test address 83
test@test.it84;test84;Test address 84
test@test.it85;test85;Test address 85
test@test.it86;test86;Test address 86
test@test.it87;test87;Test address 87
test@test.it88;test88;Test address 88
test@test.it89;test89;Test address 89
test@test.it90;test90;Test address 90
test@test.it91;test91;Test address 91
test@test.it92;test92;Test address 92
test@test.it93;test93;Test address 93
test@test.it94;test94;Test address 94
test@test.it95;test95;Test address 95
test@test.it96;test96;Test address 96
test@test.it97;test97;Test address 97
test@test.it98;test98;Test address 98
test@test.it99;test99;Test address 99
test@test.it100;test100;Test address 100
test@test.it101;test101;Test address 101
test@test.it102;test102;Test address 102
test@test.it103;test103;Test address 103
test@test.it104;test104;Test address 104
test@test.it105;test105;Test address 105
test@test.it106;test106;Test address 106
test@test.it107;test107;Test address 107
test@test.it108;test108;Test address 108
test@test.it109;test109;Test address 109
test@test.it110;test110;Test address 110
test@test.it111;test111;Test address 111
test@test.it112;test112;Test address 112
test@test.it113;test113;Test address 113
test@test.it114;test114;Test address 114
test@test.it115;test115;Test address 115
test@test.it116;test116;Test address 116
test@test.it117;test117;Test address 117
test@test.it118;test118;Test address 118
test@test.it119;test119;Test address 119
test@test.it120;test120;Test address 120
test@test.it121;test121;Test address 121
test@test.it122;test122;Test address 122
test@test.it123;test123;Test address 123
test@test.it124;test124;Test address 124
test@test.it125;test125;Test address 125
test@test.it126;test126;Test address 126
test@test.it127;test127;Test address 127
test@test.it128;test128;Test address 128
test@test.it129;test129;Test address 129
test@test.it130;test130;Test address 130
test@test.it131;test131;Test address 131
test@test.it132;test132;Test address 132
test@test.it133;test133;Test address 133
test@test.it134;test134;Test address 134
test@test.it135;test135;Test address 135
test@test.it136;test136;Test address 136
test@test.it137;test137;Test address 137
test@test.it138;test138;Test address 138
test@test.it139;test139;Test address 139
test@test.it140;test140;Test address 140
test@test.it141;test141;Test address 141
test@test.it142;test142;Test address 142
test@test.it143;test143;Test address 143
test@test.it144;test144;Test address 144
test@test.it145;test145;Test address 145
test@test.it146;test146;Test address 146
test@test.it147;test147;Test address 147
test@test.it148;test148;Test address 148
test@test.it149;test149;Test address 149
test@test.it150;test150;Test address 150
test@test.it151;test151;Test address 151
test@test.it152;test152;Test address 152
test@test.it153;test153;Test address 153
test@test.it154;test154;Test address 154
test@test.it155;test155;Test address 155
test@test.it156;test156;Test address 156
test@test.it157;test157;Test address 157
test@test.it158;test158;Test address 158
test@test.it159;test159;Test address 159
test@test.it160;test160;Test address 160
test@test.it161;test161;Test address 161
test@test.it162;test162;Test address 162
test@test.it163;test163;Test address 163
test@test.it164;test164;Test address 164
test@test.it165;test165;Test address 165
test@test.it166;test166;Test address 166
test@test.it167;test167;Test address 167
test@test.it168;test168;Test address 168
test@test.it169;test169;Test address 169
test@test.it170;test170;Test address 170
test@test.it171;test171;Test address 171
test@test.it172;test172;Test address 172
test@test.it173;test173;Test address 173
test@test.it174;test174;Test address 174
test@test.it175;test175;Test address 175
test@test.it176;test176;Test address 176
test@test.it177;test177;Test address 177
test@test.it178;test178;Test address 178
test@test.it179;test179;Test address 179
test@test.it180;test180;Test address 180
test@test.it181;test181;Test address 181
test@test.it182;test182;Test address 182
test@test.it183;test183;Test address 183
test@test.it184;test184;Test address 184
test@test.it185;test185;Test address 185
test@test.it186;test186;Test address 186
test@test.it187;test187;Test address 187
test@test.it188;test188;Test address 188
test@test.it189;test189;Test address 189
test@test.it190;test190;Test address 190
test@test.it191;test191;Test address 191
test@test.it192;test192;Test address 192
test@test.it193;test193;Test address 193
test@test.it194;test194;Test address 194
test@test.it195;test195;Test address 195
test@test.it196;test196;Test address 196
test@test.it197;test197;Test address 197
test@test.it198;test198;Test address 198
test@test.it199;test199;Test address 199
test@test.it200;test200;Test address 200
test@test.it201;test201;Test address 201
test@test.it202;test202;Test address 202
test@test.it203;test203;Test address 203
test@test.it204;test204;Test address 204
test@test.it205;test205;Test address 205
test@test.it206;test206;Test address 206
test@test.it207;test207;Test address 207
test@test.it208;test208;Test address 208
test@test.it209;test209;Test address 209
test@test.it210;test210;Test address 210
test@test.it211;test211;Test address 211
test@test.it212;test212;Test address 212
test@test.it213;test213;Test address 213
test@test.it214;test214;Test address 214
test@test.it215;test215;Test address 215
test@test.it216;test216;Test address 216
test@test.it217;test217;Test address 217
test@test.it218;test218;Test address 218
test@test.it219;test219;Test address 219
test@test.it220;test220;Test address 220
test@test.it221;test221;Test address 221
test@test.it222;test222;Test address 222
test@test.it223;test223;Test address 223
test@test.it224;test224;Test address 224
test@test.it225;test225;Test address 225
test@test.it226;test226;Test address 226
test@test.it227;test227;Test address 227
test@test.it228;test228;Test address 228
test@test.it229;test229;Test address 229
test@test.it230;test230;Test address 230
test@test.it231;test231;Test address 231
test@test.it232;test232;Test address 232
test@test.it233;test233;Test address 233
test@test.it234;test234;Test address 234
test@test.it235;test235;Test address 235
test@test.it236;test236;Test address 236
test@test.it237;test237;Test address 237
test@test.it238;test238;Test address 238
test@test.it239;test239;Test address 239
test@test.it240;test240;Test address 240
test@test.it241;test241;Test address 241
test@test.it242;test242;Test address 242
test@test.it243;test243;Test address 243
test@test.it244;test244;Test address 244
test@test.it245;test245;Test address 245
test@test.it246;test246;Test address 246
test@test.it247;test247;Test address 247
test@test.it248;test248;Test address 248
test@test.it249;test249;Test address 249
test@test.it250;test250;Test address 250
test@test.it251;test251;Test address 251
test@test.it252;test252;Test address 252
test@test.it253;test253;Test address 253
test@test.it254;test254;Test address 254
test@test.it255;test255;Test address 255
test@test.it256;test256;Test address 256
test@test.it257;test257;Test address 257
test@test.it258;test258;Test address 258
test@test.it259;test259;Test address 259
test@test.it260;test260;Test address 260
test@test.it261;test261;Test address 261
test@test.it262;test262;Test address 262
test@test.it263;test263;Test address 263
test@test.it264;test264;Test address 264
test@test.it265;test265;Test address 265
test@test.it266;test266;Test address 266
test@test.it267;test267;Test address 267
test@test.it268;test268;Test address 268
test@test.it269;test269;Test address 269
test@test.it270;test270;Test address 270
test@test.it271;test271;Test address 271
test@test.it272;test272;Test address 272
test@test.it273;test273;Test address 273
test@test.it274;test274;Test address 274
test@test.it275;test275;Test address 275
test@test.it276;test276;Test address 276
test@test.it277;test277;Test address 277
test@test.it278;test278;Test address 278
test@test.it279;test279;Test address 279
test@test.it280;test280;Test address 280
test@test.it281;test281;Test address 281
test@test.it282;test282;Test address 282
test@test.it283;test283;Test address 283
test@test.it284;test284;Test address 284
test@test.it285;test285;Test address 285
test@test.it286;test286;Test address 286
test@test.it287;test287;Test address 287
test@test.it288;test288;Test address 288
test@test.it289;test289;Test address 289
test@test.it290;test290;Test address 290
test@test.it291;test291;Test address 291
test@test.it292;test292;Test address 292
test@test.it293;test293;Test address 293
test@test.it294;test294;Test address 294
test@test.it295;test295;Test address 295
test@test.it296;test296;Test address 296
test@test.it297;test297;Test address 297
test@test.it298;test298;Test address 298
test@test.it299;test299;Test address 299
test@test.it300;test300;Test address 300
test@test.it301;test301;Test address 301
test@test.it302;test302;Test address 302
test@test.it303;test303;Test address 303
test@test.it304;test304;Test address 304
test@test.it305;test305;Test address 305
test@test.it306;test306;Test address 306
test@test.it307;test307;Test address 307
test@test.it308;test308;Test address 308
test@test.it309;test309;Test address 309
test@test.it310;test310;Test address 310
test@test.it311;test311;Test address 311
test@test.it312;test312;Test address 312
test@test.it313;test313;Test address 313
test@test.it314;test314;Test address 314
test@test.it315;test315;Test address 315
test@test.it316;test316;Test address 316
test@test.it317;test317;Test address 317
test@test.it318;test318;Test address 318
test@test.it319;test319;Test address 319
test@test.it320;test320;Test address 320
test@test.it321;test321;Test address 321
test@test.it322;test322;Test address 322
test@test.it323;test323;Test address 323
test@test.it324;test324;Test address 324
test@test.it325;test325;Test address 325
test@test.it326;test326;Test address 326
test@test.it327;test327;Test address 327
test@test.it328;test328;Test address 328
test@test.it329;test329;Test address 329
test@test.it330;test330;Test address 330
test@test.it331;test331;Test address 331
test@test.it332;test332;Test address 332
test@test.it333;test333;Test address 333
test@test.it334;test334;Test address 334
test@test.it335;test335;Test address 335
test@test.it336;test336;Test address 336
test@test.it337;test337;Test address 337
test@test.it338;test338;Test address 338
test@test.it339;test339;Test address 339
test@test.it340;test340;Test address 340
test@test.it341;test341;Test address 341
test@test.it342;test342;Test address 342
test@test.it343;test343;Test address 343
test@test.it344;test344;Test address 344
test@test.it345;test345;Test address 345
test@test.it346;test346;Test address 346
test@test.it347;test347;Test address 347
test@test.it348;test348;Test address 348
test@test.it349;test349;Test address 349
test@test.it350;test350;Test address 350
test@test.it351;test351;Test address 351
test@test.it352;test352;Test address 352
test@test.it353;test353;Test address 353
test@test.it354;test354;Test address 354
test@test.it355;test355;Test address 355
test@test.it356;test356;Test address 356
test@test.it357;test357;Test address 357
test@test.it358;test358;Test address 358
test@test.it359;test359;Test address 359
test@test.it360;test360;Test address 360
test@test.it361;test361;Test address 361
test@test.it362;test362;Test address 362
test@test.it363;test363;Test address 363
test@test.it364;test364;Test address 364
test@test.it365;test365;Test address 365
test@test.it366;test366;Test address 366
test@test.it367;test367;Test address 367
test@test.it368;test368;Test address 368
test@test.it369;test369;Test address 369
test@test.it370;test370;Test address 370
test@test.it371;test371;Test address 371
test@test.it372;test372;Test address 372
test@test.it373;test373;Test address 373
test@test.it374;test374;Test address 374
test@test.it375;test375;Test address 375
test@test.it376;test376;Test address 376
test@test.it377;test377;Test address 377
test@test.it378;test378;Test address 378
test@test.it379;test379;Test address 379
test@test.it380;test380;Test address 380
test@test.it381;test381;Test address 381
test@test.it382;test382;Test address 382
test@test.it383;test383;Test address 383
test@test.it384;test384;Test address 384
test@test.it385;test385;Test address 385
test@test.it386;test386;Test address 386
test@test.it387;test387;Test address 387
test@test.it388;test388;Test address 388
test@test.it389;test389;Test address 389
test@test.it390;test390;Test address 390
test@test.it391;test391;Test address 391
test@test.it392;test392;Test address 392
test@test.it393;test393;Test address 393
test@test.it394;test394;Test address 394
test@test.it395;test395;Test address 395
test@test.it396;test396;Test address 396
test@test.it397;test397;Test address 397
test@test.it398;test398;Test address 398
test@test.it399;test399;Test address 399
test@test.it400;test400;Test address 400
test@test.it401;test401;Test address 401
test@test.it402;test402;Test address 402
test@test.it403;test403;Test address 403
test@test.it404;test404;Test address 404
test@test.it405;test405;Test address 405
test@test.it406;test406;Test address 406
test@test.it407;test407;Test address 407
test@test.it408;test408;Test address 408
test@test.it409;test409;Test address 409
test@test.it410;test410;Test address 410
test@test.it411;test411;Test address 411
test@test.it412;test412;Test address 412
test@test.it413;test413;Test address 413
test@test.it414;test414;Test address 414
test@test.it415;test415;Test address 415
test@test.it416;test416;Test address 416
test@test.it417;test417;Test address 417
test@test.it418;test418;Test address 418
test@test.it419;test419;Test address 419
test@test.it420;test420;Test address 420
test@test.it421;test421;Test address 421
test@test.it422;test422;Test address 422
test@test.it423;test423;Test address 423
test@test.it424;test424;Test address 424
test@test.it425;test425;Test address 425
test@test.it426;test426;Test address 426
test@test.it427;test427;Test address 427
test@test.it428;test428;Test address 428
test@test.it429;test429;Test address 429
test@test.it430;test430;Test address 430
test@test.it431;test431;Test address 431
test@test.it432;test432;Test address 432
test@test.it433;test433;Test address 433
test@test.it434;test434;Test address 434
test@test.it435;test435;Test address 435
test@test.it436;test436;Test address 436
test@test.it437;test437;Test address 437
test@test.it438;test438;Test address 438
test@test.it439;test439;Test address 439
test@test.it440;test440;Test address 440
test@test.it441;test441;Test address 441
test@test.it442;test442;Test address 442
test@test.it443;test443;Test address 443
test@test.it444;test444;Test address 444
test@test.it445;test445;Test address 445
test@test.it446;test446;Test address 446
test@test.it447;test447;Test address 447
test@test.it448;test448;Test address 448
test@test.it449;test449;Test address 449
test@test.it450;test450;Test address 450
test@test.it451;test451;Test address 451
test@test.it452;test452;Test address 452
test@test.it453;test453;Test address 453
test@test.it454;test454;Test address 454
test@test.it455;test455;Test address 455
test@test.it456;test456;Test address 456
test@test.it457;test457;Test address 457
test@test.it458;test458;Test address 458
test@test.it459;test459;Test address 459
test@test.it460;test460;Test address 460
test@test.it461;test461;Test address 461
test@test.it462;test462;Test address 462
test@test.it463;test463;Test address 463
test@test.it464;test464;Test address 464
test@test.it465;test465;Test address 465
test@test.it466;test466;Test address 466
test@test.it467;test467;Test address 467
test@test.it468;test468;Test address 468
test@test.it469;test469;Test address 469
test@test.it470;test470;Test address 470
test@test.it471;test471;Test address 471
test@test.it472;test472;Test address 472
test@test.it473;test473;Test address 473
test@test.it474;test474;Test address 474
test@test.it475;test475;Test address 475
test@test.it476;test476;Test address 476
test@test.it477;test477;Test address 477
test@test.it478;test478;Test address 478
test@test.it479;test479;Test address 479
test@test.it480;test480;Test address 480
test@test.it481;test481;Test address 481
test@test.it482;test482;Test address 482
test@test.it483;test483;Test address 483
test@test.it484;test484;Test address 484
test@test.it485;test485;Test address 485
test@test.it486;test486;Test address 486
test@test.it487;test487;Test address 487
test@test.it488;test488;Test address 488
test@test.it489;test489;Test address 489
test@test.it490;test490;Test address 490
test@test.it491;test491;Test address 491
test@test.it492;test492;Test address 492
test@test.it493;test493;Test address 493
test@test.it494;test494;Test address 494
test@test.it495;test495;Test address 495
test@test.it496;test496;Test address 496
test@test.it497;test497;Test address 497
test@test.it498;test498;Test address 498
test@test.it499;test499;Test address 499
test@test.it500;test500;Test address 500
test@test.it501;test501;Test address 501
test@test.it502;test502;Test address 502
test@test.it503;test503;Test address 503
test@test.it504;test504;Test address 504
test@test.it505;test505;Test address 505
test@test.it506;test506;Test address 506
test@test.it507;test507;Test address 507
test@test.it508;test508;Test address 508
test@test.it509;test509;Test address 509
test@test.it510;test510;Test address 510
test@test.it511;test511;Test address 511
test@test.it512;test512;Test address 512
test@test.it513;test513;Test address 513
test@test.it514;test514;Test address 514
test@test.it515;test515;Test address 515
test@test.it516;test516;Test address 516
test@test.it517;test517;Test address 517
test@test.it518;test518;Test address 518
test@test.it519;test519;Test address 519
test@test.it520;test520;Test address 520
test@test.it521;test521;Test address 521
test@test.it522;test522;Test address 522
test@test.it523;test523;Test address 523
test@test.it524;test524;Test address 524
test@test.it525;test525;Test address 525
test@test.it526;test526;Test address 526
test@test.it527;test527;Test address 527
test@test.it528;test528;Test address 528
test@test.it529;test529;Test address 529
test@test.it530;test530;Test address 530
test@test.it531;test531;Test address 531
test@test.it532;test532;Test address 532
test@test.it533;test533;Test address 533
test@test.it534;test534;Test address 534
test@test.it535;test535;Test address 535
test@test.it536;test536;Test address 536
test@test.it537;test537;Test address 537
test@test.it538;test538;Test address 538
test@test.it539;test539;Test address 539
test@test.it540;test540;Test address 540
test@test.it541;test541;Test address 541
test@test.it542;test542;Test address 542
test@test.it543;test543;Test address 543
test@test.it544;test544;Test address 544
test@test.it545;test545;Test address 545
test@test.it546;test546;Test address 546
test@test.it547;test547;Test address 547
test@test.it548;test548;Test address 548
test@test.it549;test549;Test address 549
test@test.it550;test550;Test address 550
test@test.it551;test551;Test address 551
test@test.it552;test552;Test address 552
test@test.it553;test553;Test address 553
test@test.it554;test554;Test address 554
test@test.it555;test555;Test address 555
test@test.it556;test556;Test address 556
test@test.it557;test557;Test address 557
test@test.it558;test558;Test address 558
test@test.it559;test559;Test address 559
test@test.it560;test560;Test address 560
test@test.it561;test561;Test address 561
test@test.it562;test562;Test address 562
test@test.it563;test563;Test address 563
test@test.it564;test564;Test address 564
test@test.it565;test565;Test address 565
test@test.it566;test566;Test address 566
test@test.it567;test567;Test address 567
test@test.it568;test568;Test address 568
test@test.it569;test569;Test address 569
test@test.it570;test570;Test address 570
test@test.it571;test571;Test address 571
test@test.it572;test572;Test address 572
test@test.it573;test573;Test address 573
test@test.it574;test574;Test address 574
test@test.it575;test575;Test address 575
test@test.it576;test576;Test address 576
test@test.it577;test577;Test address 577
test@test.it578;test578;Test address 578
test@test.it579;test579;Test address 579
test@test.it580;test580;Test address 580
test@test.it581;test581;Test address 581
test@test.it582;test582;Test address 582
test@test.it583;test583;Test address 583
test@test.it584;test584;Test address 584
test@test.it585;test585;Test address 585
test@test.it586;test586;Test address 586
test@test.it587;test587;Test address 587
test@test.it588;test588;Test address 588
test@test.it589;test589;Test address 589
test@test.it590;test590;Test address 590
test@test.it591;test591;Test address 591
test@test.it592;test592;Test address 592
test@test.it593;test593;Test address 593
test@test.it594;test594;Test address 594
test@test.it595;test595;Test address 595
test@test.it596;test596;Test address 596
test@test.it597;test597;Test address 597
test@test.it598;test598;Test address 598
test@test.it599;test599;Test address 599
test@test.it600;test600;Test address 600
test@test.it601;test601;Test address 601
test@test.it602;test602;Test address 602
test@test.it603;test603;Test address 603
test@test.it604;test604;Test address 604
test@test.it605;test605;Test address 605
test@test.it606;test606;Test address 606
test@test.it607;test607;Test address 607
test@test.it608;test608;Test address 608
test@test.it609;test609;Test address 609
test@test.it610;test610;Test address 610
test@test.it611;test611;Test address 611
test@test.it612;test612;Test address 612
test@test.it613;test613;Test address 613
test@test.it614;test614;Test address 614
test@test.it615;test615;Test address 615
test@test.it616;test616;Test address 616
test@test.it617;test617;Test address 617
test@test.it618;test618;Test address 618
test@test.it619;test619;Test address 619
test@test.it620;test620;Test address 620
test@test.it621;test621;Test address 621
test@test.it622;test622;Test address 622
test@test.it623;test623;Test address 623
test@test.it624;test624;Test address 624
test@test.it625;test625;Test address 625
test@test.it626;test626;Test address 626
test@test.it627;test627;Test address 627
test@test.it628;test628;Test address 628
test@test.it629;test629;Test address 629
test@test.it630;test630;Test address 630
test@test.it631;test631;Test address 631
test@test.it632;test632;Test address 632
test@test.it633;test633;Test address 633
test@test.it634;test634;Test address 634
test@test.it635;test635;Test address 635
test@test.it636;test636;Test address 636
test@test.it637;test637;Test address 637
test@test.it638;test638;Test address 638
test@test.it639;test639;Test address 639
test@test.it640;test640;Test address 640
test@test.it641;test641;Test address 641
test@test.it642;test642;Test address 642
test@test.it643;test643;Test address 643
test@test.it644;test644;Test address 644
test@test.it645;test645;Test address 645
test@test.it646;test646;Test address 646
test@test.it647;test647;Test address 647
test@test.it648;test648;Test address 648
test@test.it649;test649;Test address 649
test@test.it650;test650;Test address 650
test@test.it651;test651;Test address 651
test@test.it652;test652;Test address 652
test@test.it653;test653;Test address 653
test@test.it654;test654;Test address 654
test@test.it655;test655;Test address 655
test@test.it656;test656;Test address 656
test@test.it657;test657;Test address 657
test@test.it658;test658;Test address 658
test@test.it659;test659;Test address 659
test@test.it660;test660;Test address 660
test@test.it661;test661;Test address 661
test@test.it662;test662;Test address 662
test@test.it663;test663;Test address 663
test@test.it664;test664;Test address 664
test@test.it665;test665;Test address 665
test@test.it666;test666;Test address 666
test@test.it667;test667;Test address 667
test@test.it668;test668;Test address 668
test@test.it669;test669;Test address 669
test@test.it670;test670;Test address 670
test@test.it671;test671;Test address 671
test@test.it672;test672;Test address 672
test@test.it673;test673;Test address 673
test@test.it674;test674;Test address 674
test@test.it675;test675;Test address 675
test@test.it676;test676;Test address 676
test@test.it677;test677;Test address 677
test@test.it678;test678;Test address 678
test@test.it679;test679;Test address 679
test@test.it680;test680;Test address 680
test@test.it681;test681;Test address 681
test@test.it682;test682;Test address 682
test@test.it683;test683;Test address 683
test@test.it684;test684;Test address 684
test@test.it685;test685;Test address 685
test@test.it686;test686;Test address 686
test@test.it687;test687;Test address 687
test@test.it688;test688;Test address 688
test@test.it689;test689;Test address 689
test@test.it690;test690;Test address 690
test@test.it691;test691;Test address 691
test@test.it692;test692;Test address 692
test@test.it693;test693;Test address 693
test@test.it694;test694;Test address 694
test@test.it695;test695;Test address 695
test@test.it696;test696;Test address 696
test@test.it697;test697;Test address 697
test@test.it698;test698;Test address 698
test@test.it699;test699;Test address 699
test@test.it700;test700;Test address 700
test@test.it701;test701;Test address 701
test@test.it702;test702;Test address 702
test@test.it703;test703;Test address 703
test@test.it704;test704;Test address 704
test@test.it705;test705;Test address 705
test@test.it706;test706;Test address 706
test@test.it707;test707;Test address 707
test@test.it708;test708;Test address 708
test@test.it709;test709;Test address 709
test@test.it710;test710;Test address 710
test@test.it711;test711;Test address 711
test@test.it712;test712;Test address 712
test@test.it713;test713;Test address 713
test@test.it714;test714;Test address 714
test@test.it715;test715;Test address 715
test@test.it716;test716;Test address 716
test@test.it717;test717;Test address 717
test@test.it718;test718;Test address 718
test@test.it719;test719;Test address 719
test@test.it720;test720;Test address 720
test@test.it721;test721;Test address 721
test@test.it722;test722;Test address 722
test@test.it723;test723;Test address 723
test@test.it724;test724;Test address 724
test@test.it725;test725;Test address 725
test@test.it726;test726;Test address 726
test@test.it727;test727;Test address 727
test@test.it728;test728;Test address 728
test@test.it729;test729;Test address 729
test@test.it730;test730;Test address 730
test@test.it731;test731;Test address 731
test@test.it732;test732;Test address 732
test@test.it733;test733;Test address 733
test@test.it734;test734;Test address 734
test@test.it735;test735;Test address 735
test@test.it736;test736;Test address 736
test@test.it737;test737;Test address 737
test@test.it738;test738;Test address 738
test@test.it739;test739;Test address 739
test@test.it740;test740;Test address 740
test@test.it741;test741;Test address 741
test@test.it742;test742;Test address 742
test@test.it743;test743;Test address 743
test@test.it744;test744;Test address 744
test@test.it745;test745;Test address 745
test@test.it746;test746;Test address 746
test@test.it747;test747;Test address 747
test@test.it748;test748;Test address 748
test@test.it749;test749;Test address 749
test@test.it750;test750;Test address 750
test@test.it751;test751;Test address 751
test@test.it752;test752;Test address 752
test@test.it753;test753;Test address 753
test@test.it754;test754;Test address 754
test@test.it755;test755;Test address 755
test@test.it756;test756;Test address 756
test@test.it757;test757;Test address 757
test@test.it758;test758;Test address 758
test@test.it759;test759;Test address 759
test@test.it760;test760;Test address 760
test@test.it761;test761;Test address 761
test@test.it762;test762;Test address 762
test@test.it763;test763;Test address 763
test@test.it764;test764;Test address 764
test@test.it765;test765;Test address 765
test@test.it766;test766;Test address 766
test@test.it767;test767;Test address 767
test@test.it768;test768;Test address 768
test@test.it769;test769;Test address 769
test@test.it770;test770;Test address 770
test@test.it771;test771;Test address 771
test@test.it772;test772;Test address 772
test@test.it773;test773;Test address 773
test@test.it774;test774;Test address 774
test@test.it775;test775;Test address 775
test@test.it776;test776;Test address 776
test@test.it777;test777;Test address 777
test@test.it778;test778;Test address 778
test@test.it779;test779;Test address 779
test@test.it780;test780;Test address 780
test@test.it781;test781;Test address 781
test@test.it782;test782;Test address 782
test@test.it783;test783;Test address 783
test@test.it784;test784;Test address 784
test@test.it785;test785;Test address 785
test@test.it786;test786;Test address 786
test@test.it787;test787;Test address 787
test@test.it788;test788;Test address 788
test@test.it789;test789;Test address 789
test@test.it790;test790;Test address 790
test@test.it791;test791;Test address 791
test@test.it792;test792;Test address 792
test@test.it793;test793;Test address 793
test@test.it794;test794;Test address 794
test@test.it795;test795;Test address 795
test@test.it796;test796;Test address 796
test@test.it797;test797;Test address 797
test@test.it798;test798;Test address 798
test@test.it799;test799;Test address 799
test@test.it800;test800;Test address 800
test@test.it801;test801;Test address 801
test@test.it802;test802;Test address 802
test@test.it803;test803;Test address 803
test@test.it804;test804;Test address 804
test@test.it805;test805;Test address 805
test@test.it806;test806;Test address 806
test@test.it807;test807;Test address 807
test@test.it808;test808;Test address 808
test@test.it809;test809;Test address 809
test@test.it810;test810;Test address 810
test@test.it811;test811;Test address 811
test@test.it812;test812;Test address 812
test@test.it813;test813;Test address 813
test@test.it814;test814;Test address 814
test@test.it815;test815;Test address 815
test@test.it816;test816;Test address 816
test@test.it817;test817;Test address 817
test@test.it818;test818;Test address 818
test@test.it819;test819;Test address 819
test@test.it820;test820;Test address 820
test@test.it821;test821;Test address 821
test@test.it822;test822;Test address 822
test@test.it823;test823;Test address 823
test@test.it824;test824;Test address 824
test@test.it825;test825;Test address 825
test@test.it826;test826;Test address 826
test@test.it827;test827;Test address 827
test@test.it828;test828;Test address 828
test@test.it829;test829;Test address 829
test@test.it830;test830;Test address 830
test@test.it831;test831;Test address 831
test@test.it832;test832;Test address 832
test@test.it833;test833;Test address 833
test@test.it834;test834;Test address 834
test@test.it835;test835;Test address 835
test@test.it836;test836;Test address 836
test@test.it837;test837;Test address 837
test@test.it838;test838;Test address 838
test@test.it839;test839;Test address 839
test@test.it840;test840;Test address 840
test@test.it841;test841;Test address 841
test@test.it842;test842;Test address 842
test@test.it843;test843;Test address 843
test@test.it844;test844;Test address 844
test@test.it845;test845;Test address 845
test@test.it846;test846;Test address 846
test@test.it847;test847;Test address 847
test@test.it848;test848;Test address 848
test@test.it849;test849;Test address 849
test@test.it850;test850;Test address 850
test@test.it851;test851;Test address 851
test@test.it852;test852;Test address 852
test@test.it853;test853;Test address 853
test@test.it854;test854;Test address 854
test@test.it855;test855;Test address 855
test@test.it856;test856;Test address 856
test@test.it857;test857;Test address 857
test@test.it858;test858;Test address 858
test@test.it859;test859;Test address 859
test@test.it860;test860;Test address 860
test@test.it861;test861;Test address 861
test@test.it862;test862;Test address 862
test@test.it863;test863;Test address 863
test@test.it864;test864;Test address 864
test@test.it865;test865;Test address 865
test@test.it866;test866;Test address 866
test@test.it867;test867;Test address 867
test@test.it868;test868;Test address 868
test@test.it869;test869;Test address 869
test@test.it870;test870;Test address 870
test@test.it871;test871;Test address 871
test@test.it872;test872;Test address 872
test@test.it873;test873;Test address 873
test@test.it874;test874;Test address 874
test@test.it875;test875;Test address 875
test@test.it876;test876;Test address 876
test@test.it877;test877;Test address 877
test@test.it878;test878;Test address 878
test@test.it879;test879;Test address 879
test@test.it880;test880;Test address 880
test@test.it881;test881;Test address 881
test@test.it882;test882;Test address 882
test@test.it883;test883;Test address 883
test@test.it884;test884;Test address 884
test@test.it885;test885;Test address 885
test@test.it886;test886;Test address 886
test@test.it887;test887;Test address 887
test@test.it888;test888;Test address 888
test@test.it889;test889;Test address 889
test@test.it890;test890;Test address 890
test@test.it891;test891;Test address 891
test@test.it892;test892;Test address 892